Attr1,Attr2,Attr3,Attr4,Attr5,Attr6,Attr7,Attr8,Attr9,Attr10,Attr11,Attr12,Attr13,Attr14,Attr15,Attr16,Attr17,Attr18,Attr19,Attr20,Attr21,Attr22,Attr23,Attr24,Attr25,Attr26,Attr27,Attr28,Attr29,Attr30,Attr31,Attr32,Attr33,Attr34,Attr35,Attr36,Attr37,Attr38,Attr39,Attr40,Attr41,Attr42,Attr43,Attr44,Attr45,Attr46,Attr47,Attr48,Attr49,Attr50,Attr51,Attr52,Attr53,Attr54,Attr55,Attr56,Attr57,Attr58,Attr59,Attr60,Class
0.021,0.028,0.012,0.044,0.043,0.077,0.584,0.143,0.189,0.185,0.175,0.156,0.148,0.138,0.258,0.383,0.478,1.608,0.619,0.791,0.926,1,0.908,0.744,2.78,0.317,0.13,0.06,1.36,0.362,0.329,0.486,0.394,0.184,0.034,0.249,0.384,1.053,0.265,0.176,0.8,0.261,0.295,0.081,0.049,0.126,0.05,0.185,0.012,0.012,0.013,0.01,0.001,0.005,0.004,0.003,0.008,0.005,0.002,0.001,0
0.053,0.056,0.122,0.121,0.025,0.102,0.216,0.044,0.229,0.163,0.254,0.281,0.301,0.336,0.302,0.228,0.291,0.396,0.115,0.34,0.556,0.638,0.655,0.738,3.265,0.542,0.688,0.732,3.865,0.823,0.879,0.911,0.67,0.609,0.75,0.478,0.167,1.125,0.378,0.211,2.945,1.689,1.29,0.524,0.615,1.536,0.338,0.75,0.055,0.027,0.038,0.034,0.015,0.034,0.038,0.017,0.013,0.01,0.036,0.021,0
0.049,0.028,0.059,0.127,0.177,0.191,0.888,0.077,0.125,0.203,0.095,0.25,0.221,0.32,0.334,0.332,0.278,0.894,0.295,0.173,0.326,0.383,0.352,0.541,2.615,0.448,0.534,0.532,1.955,0.346,0.409,0.464,0.558,0.573,0.636,0.756,0.69,1.854,0.538,0.562,3.255,1.44,1.87,0.28,0.198,0.732,0.179,0.855,0.076,0.024,0.027,0.008,0.013,0.016,0.006,0.012,0.019,0.014,0.033,0.044,0
0.019,0.061,0.038,0.077,0.139,0.081,0.228,0.022,0.104,0.119,0.124,0.16,0.352,0.448,0.377,0.576,0.643,2.037,0.716,0.547,0.54,0.636,0.785,0.776,2.89,0.486,0.418,0.246,0.36,0.061,0.182,0.449,0.598,0.378,0.25,0.577,0.885,2.523,0.357,0.313,3.05,1.914,1.355,0.142,0.126,0.387,0.079,0.415,0.052,0.022,0.036,0.033,0.013,0.012,0.011,0.002,0.004,0.004,0.011,0.008,1
0.035,0.051,0.008,0.024,0.043,0.074,0.376,0.113,0.123,0.151,0.181,0.239,0.295,0.287,0.401,0.532,0.549,1.746,0.604,0.675,0.708,0.789,0.928,0.978,4.87,1,0.97,0.996,4.12,0.602,0.534,0.487,0.353,0.157,0.095,0.161,0.282,1.017,0.302,0.294,1.49,0.804,1.03,0.207,0.162,0.366,0.101,0.37,0.039,0.005,0.015,0.004,0.012,0.011,0.011,0.01,0.005,0.002,0.008,0.003,0
0.036,0.163,0.164,0.142,0.113,0.131,0.844,0.227,0.299,0.374,0.304,0.039,0.268,0.54,0.62,0.726,0.835,2.067,0.445,0.392,0.56,0.754,0.831,1,4.38,0.709,0.701,0.501,1.97,0.446,0.407,0.077,0.142,0.04,0.36,0.685,0.708,1.08,0.061,0.303,1.985,1.161,1.19,0.206,0.229,0.51,0.159,0.895,0.102,0.015,0.022,0.011,0.007,0.02,0.016,0.006,0.008,0.009,0.011,0.007,1
0.026,0.044,0.014,0.008,0.03,0.044,0.136,0.078,0.084,0.078,0.033,0.206,0.191,0.106,0.146,0.223,0.207,0.33,0.108,0.116,0.222,0.069,0.206,0.238,0.45,0.228,0.587,0.846,4.235,0.768,0.806,0.626,0.654,0.875,0.988,0.935,0.696,1.719,0.587,0.666,2.825,1.575,1.84,0.2,0.151,0.153,0.093,0.49,0.052,0.019,0.01,0.004,0.019,0.016,0.007,0.01,0.007,0.008,0.009,0.01,1
0.006,0.012,0.007,0.011,0.022,0.028,0.212,0.058,0.105,0.111,0.094,0.083,0.092,0.091,0.149,0.167,0.127,0.411,0.11,0.129,0.215,0.289,0.424,0.617,4.085,0.962,0.828,0.582,2.335,0.354,0.273,0.141,0.186,0.218,0.236,0.172,0.059,0.186,0.185,0.245,1.49,0.912,1.14,0.148,0.11,0.354,0.061,0.165,0.028,0.01,0.002,0.007,0.002,0.003,0.005,0.004,0.003,0.004,0.001,0.004,1
0.019,0.035,0.017,0.018,0.039,0.163,0.812,0.169,0.233,0.268,0.311,0.293,0.228,0.099,0.18,0.22,0.273,0.858,0.203,0.174,0.413,0.688,0.812,0.845,4.46,0.93,0.999,1,4.05,0.62,0.604,0.555,0.416,0.147,0.085,0.061,0.097,0.423,0.168,0.12,0.6,0.312,0.99,0.134,0.09,0.324,0.152,0.68,0.086,0.029,0.02,0.012,0.01,0.02,0.003,0.01,0.006,0.012,0.019,0.016,0
0.004,0.008,0.009,0.039,0.053,0.12,0.496,0.103,0.124,0.089,0.094,0.124,0.16,0.154,0.185,0.173,0.148,0.525,0.146,0.158,0.226,0.198,0.337,0.583,4.25,1,0.846,0.662,2.78,0.392,0.323,0.205,0.192,0.223,0.315,0.227,0.08,0.225,0.117,0.197,1.31,0.753,0.99,0.095,0.093,0.288,0.038,0.22,0.034,0.006,0.008,0.012,0.006,0.004,0.004,0,0.002,0.005,0.002,0.002,1
0.102,0.083,0.058,0.063,0.064,0.133,0.396,0.179,0.12,0.137,0.251,0.263,0.28,0.298,0.382,0.313,0.396,0.627,0.322,0.334,0.318,0.289,0.361,0.257,2.055,0.459,0.472,0.728,3.795,0.658,0.751,0.667,0.49,0.596,0.655,0.401,0.119,0.972,0.311,0.135,2.555,2.397,3.76,0.551,0.586,2.187,0.552,1.67,0.161,0.048,0.1,0.071,0.032,0.031,0.025,0.009,0.018,0.021,0.023,0.011,0
0.012,0.007,0.028,0.058,0.092,0.127,0.632,0.193,0.236,0.217,0.118,0.075,0.278,0.376,0.509,0.659,0.707,2.259,0.836,0.859,0.962,0.984,0.87,0.64,2.535,0.54,0.693,0.849,4.105,0.596,0.295,0.276,0.288,0.189,0.145,0.096,0.089,0.252,0.089,0.155,1.16,0.666,0.52,0.172,0.202,0.537,0.111,0.2,0.03,0.008,0.004,0.005,0.003,0.002,0.001,0.003,0.002,0.006,0.003,0.005,0
0.015,0.032,0.06,0.105,0.116,0.173,0.672,0.112,0.089,0.12,0.085,0.152,0.23,0.279,0.34,0.453,0.695,2.643,0.915,0.754,0.674,0.715,0.834,0.77,3.495,0.654,0.504,0.493,2.495,0.416,0.163,0.04,0.064,0.296,0.361,0.187,0.048,0.45,0.24,0.198,1.59,0.714,0.86,0.156,0.156,0.126,0.049,0.24,0.022,0.006,0.009,0.006,0.002,0.008,0.013,0.005,0.001,0.002,0.002,0.006,1
0.019,0.031,0.02,0.062,0.008,0.079,0.576,0.145,0.179,0.252,0.261,0.371,0.391,0.267,0.272,0.418,0.699,1.719,0.223,0.263,0.747,0.726,0.339,0.282,3.025,0.59,0.497,0.862,4.17,0.408,0.227,0.174,0.051,0.159,0.304,0.137,0.16,0.618,0.073,0.02,0.82,0.474,0.915,0.189,0.101,0.198,0.018,0.2,0.011,0.014,0.009,0.004,0.01,0.014,0.019,0.014,0.01,0.009,0.005,0.008,1
0.035,0.012,0.019,0.047,0.074,0.118,0.672,0.154,0.147,0.291,0.233,0.224,0.247,0.156,0.349,0.331,0.23,0.66,0.249,0.413,0.316,0.619,0.585,0.34,1.28,0.56,0.814,0.694,3.49,0.866,0.593,0.366,0.675,0.87,0.784,0.755,0.579,1.413,0.125,0.609,3.66,1.794,1.715,0.18,0.238,1.026,0.23,0.345,0.022,0.047,0.043,0.035,0.016,0.015,0.011,0.005,0.01,0.002,0.007,0.007,1
0.008,0.015,0.029,0.043,0.095,0.075,0.164,0.026,0.069,0.175,0.197,0.117,0.168,0.081,0.218,0.512,0.723,2.334,0.622,0.35,0.373,0.262,0.378,0.736,4.335,0.822,0.777,0.786,2.825,0.364,0.353,0.386,0.337,0.169,0.263,0.32,0.139,0.315,0.168,0.191,0.585,0.279,0.43,0.095,0.099,0.288,0.043,0.205,0.011,0.018,0.006,0.024,0.011,0.014,0.012,0.006,0.006,0.003,0.007,0.004,1
0.041,0.044,0.045,0.084,0.042,0.122,0.8,0.152,0.082,0.198,0.231,0.302,0.394,0.505,0.587,0.661,0.742,2.403,0.846,0.794,0.88,0.838,0.785,0.848,3.715,0.643,0.551,0.352,1.585,0.335,0.206,0.103,0.317,0.404,0.428,0.454,0.37,1.122,0.384,0.349,2.19,1.278,1.425,0.281,0.24,0.111,0.08,0.27,0.018,0.006,0.022,0.004,0.014,0.011,0.005,0.016,0.014,0.008,0.025,0.02,0
0.018,0.017,0.05,0.028,0.026,0.035,0.144,0.054,0.026,0.047,0.053,0.185,0.104,0.095,0.091,0.169,0.157,0.114,0.132,0.209,0.198,0.095,0.196,0.124,0.31,0.214,0.464,0.647,3.17,0.611,0.705,0.538,0.593,0.844,0.948,0.97,0.777,1.893,0.576,0.615,2.725,1.443,1.705,0.192,0.113,0.192,0.091,0.49,0.056,0.019,0.009,0.004,0.018,0.017,0.008,0.005,0.011,0.018,0.029,0.006,1
0.023,0.032,0.017,0.023,0.041,0.012,0.088,0.08,0.236,0.246,0.224,0.152,0.173,0.31,0.438,0.56,0.682,1.848,0.68,0.844,0.992,1,0.798,0.543,1.975,0.518,0.565,0.304,0.94,0.396,0.229,0.354,0.419,0.24,0.185,0.376,0.433,1.089,0.252,0.187,0.525,0.702,0.995,0.11,0.068,0.09,0.067,0.39,0.046,0.025,0.015,0.012,0.004,0.012,0.004,0.011,0.005,0.009,0.001,0.009,0
0.007,0.01,0.002,0.006,0.02,0.062,0.172,0.095,0.084,0.118,0.098,0.091,0.066,0.059,0.083,0.13,0.204,1.143,0.445,0.522,0.591,0.657,0.631,0.6,2.48,0.565,0.691,0.851,5,0.917,0.768,0.618,0.547,0.552,0.546,0.552,0.456,1.041,0.338,0.285,1.25,0.492,0.8,0.149,0.133,0.207,0.06,0.28,0.031,0.015,0.003,0.005,0.002,0.002,0.004,0.002,0.003,0.003,0.005,0.003,1
0.026,0.043,0.055,0.068,0.078,0.125,0.52,0.173,0.279,0.295,0.251,0.26,0.225,0.212,0.127,0.119,0.179,0.654,0.165,0.074,0.062,0.238,0.482,0.637,3.765,0.896,0.994,0.996,4.665,0.934,0.885,0.769,0.686,0.639,0.638,0.663,0.598,1.368,0.313,0.416,2.16,1.209,2.1,0.456,0.396,0.891,0.21,0.78,0.088,0.026,0.012,0.009,0.006,0.002,0.004,0.008,0.003,0.006,0.005,0.005,0
0.015,0.01,0.011,0.026,0.01,0.039,0.344,0.092,0.095,0.15,0.191,0.212,0.225,0.257,0.17,0.202,0.254,1.026,0.403,0.455,0.552,0.599,0.585,0.711,4.75,0.986,1,0.958,4.32,0.713,0.589,0.432,0.29,0.174,0.077,0.23,0.246,0.93,0.331,0.222,0.435,0.618,0.905,0.162,0.112,0.246,0.112,0.475,0.041,0.012,0.005,0.005,0.004,0.004,0.001,0.005,0.004,0.001,0.003,0.003,1
0.032,0.096,0.132,0.141,0.167,0.171,0.292,0.14,0.208,0.351,0.179,0.066,0.051,0.375,0.542,0.544,0.515,1.278,0.202,0.423,0.772,0.974,0.939,0.556,2.635,0.683,0.571,0.543,1.09,0.215,0.581,0.632,0.296,0.187,0.297,0.516,0.615,1.284,0.548,0.613,2.51,0.714,0.98,0.175,0.13,0.18,0.112,0.525,0.051,0.016,0.02,0.02,0.025,0.013,0.007,0.014,0.009,0.014,0.004,0.01,1
0.024,0.022,0.017,0.052,0.075,0.112,0.504,0.172,0.307,0.32,0.295,0.248,0.251,0.181,0.141,0.302,0.364,1.167,0.298,0.222,0.162,0.134,0.205,0.379,2.885,0.754,0.841,0.855,4.52,1,0.965,0.791,0.641,0.599,0.684,0.777,0.808,2.229,0.63,0.571,2.215,1.008,1.9,0.495,0.437,0.72,0.113,0.825,0.093,0.022,0.021,0.022,0.015,0.008,0.006,0.002,0.006,0.005,0.003,0.002,0
0.022,0.006,0.016,0.049,0.052,0.085,0.324,0.183,0.223,0.181,0.255,0.298,0.262,0.189,0.067,0.267,0.427,1.887,0.778,0.769,0.81,0.849,0.944,0.945,4.83,0.804,0.497,0.396,1.93,0.557,0.731,0.855,0.942,0.873,0.667,0.469,0.155,0.525,0.361,0.521,2.59,1.11,1.12,0.082,0.04,0.234,0.105,0.515,0.076,0.022,0.017,0.009,0.005,0.002,0.008,0.006,0.002,0.007,0.007,0.004,0
0.026,0.045,0.039,0.024,0.132,0.132,0.644,0.214,0.085,0.056,0.089,0.086,0.153,0.152,0.185,0.287,0.201,0.825,0.502,0.217,0.498,0.526,0.365,0.577,2.58,0.572,0.401,0.365,3.34,0.866,0.805,0.408,0.338,0.509,0.678,0.731,0.606,2.112,0.885,0.898,3.875,2.175,3.865,0.776,0.601,1.353,0.31,0.93,0.096,0.021,0.021,0.01,0.015,0.01,0.013,0.02,0.002,0.02,0.026,0.018,1
0.029,0.064,0.039,0.017,0.048,0.082,0.396,0.032,0.074,0.086,0.041,0.047,0.084,0.094,0.147,0.081,0.118,0.654,0.333,0.326,0.211,0.23,0.336,0.426,2.305,0.261,0.087,0.286,2.805,0.834,0.81,0.725,0.805,0.944,1,0.896,0.552,0.912,0.234,0.238,1.66,1.146,0.79,0.223,0.158,0.429,0.163,0.565,0.057,0.013,0.017,0.004,0.005,0.008,0.008,0.008,0.01,0.016,0.01,0.001,1
0.024,0.019,0.047,0.044,0.066,0.074,0.552,0.11,0.138,0.138,0.094,0.026,0.15,0.285,0.574,0.828,0.867,2.439,0.904,0.905,1,0.998,0.987,0.976,4.505,0.972,0.968,0.763,2.215,0.382,0.473,0.401,0.338,0.317,0.222,0.073,0.269,0.567,0.071,0.106,0.345,0.09,0.445,0.146,0.135,0.117,0.055,0.235,0.02,0.01,0.016,0.009,0.015,0.008,0.002,0.008,0.004,0.003,0.004,0.002,1
0.016,0.004,0.024,0.044,0.063,0.092,0.548,0.108,0.155,0.178,0.216,0.257,0.309,0.383,0.439,0.534,0.6,2.019,0.731,0.809,0.894,0.967,1,0.989,4.69,0.899,0.918,0.913,3.905,0.602,0.376,0.33,0.228,0.021,0.112,0.179,0.237,0.852,0.224,0.272,1.68,0.765,0.935,0.216,0.128,0.231,0.107,0.475,0.064,0.023,0.013,0.017,0.014,0.011,0.006,0.016,0.009,0.004,0.005,0.003,0
0.016,0.021,0.028,0.06,0.046,0.078,0.544,0.078,0.104,0.157,0.248,0.278,0.29,0.296,0.319,0.189,0.173,0.669,0.243,0.315,0.41,0.381,0.49,0.629,3.76,0.798,0.883,0.992,4.61,0.698,0.617,0.507,0.392,0.352,0.218,0.124,0.159,0.489,0.236,0.248,1.22,0.816,0.59,0.116,0.145,0.564,0.195,0.745,0.051,0.016,0.019,0.015,0.006,0.008,0.009,0.004,0.006,0.006,0.005,0.002,0
0.006,0.027,0.022,0.056,0.094,0.115,0.284,0.1,0.167,0.186,0.248,0.271,0.293,0.264,0.188,0.14,0.203,0.783,0.278,0.335,0.383,0.4,0.511,0.686,3.745,0.784,0.902,1,4.445,0.651,0.608,0.446,0.295,0.173,0.149,0.08,0.177,0.414,0.24,0.205,0.985,0.834,0.69,0.068,0.066,0.498,0.181,0.62,0.052,0.004,0.018,0.007,0.006,0.007,0.007,0.008,0.004,0.002,0.003,0.001,0
0.024,0.032,0.042,0.04,0.079,0.077,0.352,0.114,0.159,0.205,0.265,0.31,0.238,0.192,0.143,0.174,0.178,0.855,0.504,0.617,0.762,0.812,0.779,0.879,4.405,0.947,1,0.974,4.225,0.615,0.43,0.316,0.287,0.202,0.121,0.027,0.058,0.378,0.107,0.108,0.18,0.36,1.03,0.205,0.188,0.615,0.172,0.535,0.048,0.017,0.019,0.01,0.007,0.008,0.004,0.003,0.003,0.001,0.004,0.006,0
0.013,0.02,0.004,0.022,0.023,0.048,0.296,0.033,0.137,0.208,0.23,0.199,0.118,0.189,0.295,0.534,0.685,2.376,0.822,0.729,0.735,0.792,0.806,0.49,0.965,0.292,0.626,0.855,4.485,0.782,0.517,0.484,0.404,0.341,0.285,0.235,0.27,1.332,0.432,0.331,0.6,0.501,1.85,0.307,0.094,0.462,0.139,0.385,0.062,0.023,0.011,0.017,0.009,0.004,0.006,0.006,0.003,0.007,0.003,0.005,0
0.011,0.045,0.029,0.071,0.108,0.102,0.644,0.212,0.306,0.294,0.31,0.343,0.246,0.189,0.118,0.208,0.274,0.981,0.234,0.126,0.058,0.124,0.324,0.436,2.865,0.782,0.925,0.935,4.675,1,0.931,0.848,0.76,0.704,0.754,0.799,0.767,1.788,0.473,0.484,2.17,1.185,2.42,0.538,0.448,0.801,0.154,0.68,0.094,0.026,0.008,0.016,0.012,0.011,0.002,0.01,0.007,0.006,0.002,0.004,0
0.013,0.052,0.062,0.052,0.107,0.259,0.92,0.207,0.342,0.428,0.302,0.121,0.33,0.571,0.696,0.975,1,2.787,0.621,0.459,0.5,0.503,0.708,0.842,4.055,0.769,0.81,0.62,1.18,0.26,0.63,0.676,0.29,0.439,0.853,0.718,0.48,1.758,0.499,0.287,0.3,0.351,1.37,0.281,0.208,0.198,0.049,0.17,0.017,0.029,0.003,0.021,0.005,0.02,0.013,0.002,0.004,0.003,0.011,0.008,1
0.027,0.009,0.014,0.028,0.041,0.076,0.412,0.114,0.079,0.152,0.168,0.137,0.136,0.134,0.214,0.535,0.683,1.68,0.309,0.323,0.443,0.557,0.578,0.617,4.065,0.982,0.982,0.917,3.71,0.774,0.847,0.735,0.667,0.608,0.624,0.597,0.572,1.572,0.292,0.154,1,0.609,1.105,0.178,0.135,0.411,0.075,0.235,0.032,0.018,0.004,0.008,0.001,0.002,0.007,0.004,0.012,0.013,0.007,0.009,1
0.097,0.082,0.063,0.061,0.062,0.121,0.376,0.422,0.574,0.502,0.349,0.17,0.208,0.309,0.422,0.531,0.244,0.564,0.191,0.832,1,0.408,0.096,0.193,1.21,0.379,0.289,0.345,1.89,0.521,0.232,0.334,0.478,0.612,0.67,0.738,0.736,2.337,0.679,0.526,1.38,0.462,1.01,0.223,0.422,0.921,0.133,0.675,0.106,0.05,0.021,0.007,0.008,0.03,0.019,0.021,0.013,0.02,0.021,0.004,0
0.013,0.015,0.064,0.173,0.256,0.256,1.18,0.411,0.498,0.592,0.583,0.542,0.547,0.531,0.498,0.698,0.829,2.352,0.822,0.936,1,0.922,0.784,0.547,2.28,0.592,0.545,0.397,0.44,0.238,0.2,0.059,0.254,0.201,0.033,0.155,0.121,0.735,0.317,0.32,1.525,0.252,0.635,0.138,0.114,0.156,0.007,0.14,0.037,0.012,0.015,0.009,0.004,0.01,0.012,0.001,0.018,0.009,0.012,0.006,1
0.023,0.085,0.1,0.043,0.112,0.165,0.64,0.212,0.33,0.352,0.333,0.364,0.402,0.473,0.52,0.657,0.843,2.544,0.834,0.845,0.8,0.854,0.964,1,4.68,0.941,0.907,0.71,3.16,0.567,0.35,0.245,0.17,0.329,0.367,0.233,0.241,0.768,0.189,0.194,1.535,0.834,0.155,0.124,0.185,0.525,0.108,0.365,0.024,0.019,0.016,0.017,0.019,0.026,0.014,0.012,0.012,0.009,0.001,0.004,0
0.045,0.052,0.084,0.069,0.118,0.258,0.864,0.348,0.334,0.287,0.492,0.655,0.692,0.78,0.746,0.944,1,2.661,0.802,0.782,0.521,0.405,0.396,0.391,1.625,0.32,0.327,0.277,2.21,0.203,0.379,0.295,0.198,0.234,0.131,0.418,0.384,0.318,0.184,0.197,0.835,0.174,0.7,0.163,0.062,0.06,0.053,0.37,0.041,0.006,0.012,0.008,0.009,0.005,0.009,0.019,0.014,0.005,0.005,0.004,1
0.071,0.09,0.128,0.15,0.128,0.116,0.512,0.168,0.183,0.213,0.289,0.398,0.458,0.582,0.503,0.193,0.258,0.954,0.274,0.619,0.896,0.744,0.519,0.281,0.885,0.661,0.758,0.512,2.35,0.548,0.435,0.128,0.085,0.093,0.031,0.1,0.178,0.477,0.3,0.221,0.73,0.87,1.6,0.141,0.063,0.219,0.08,0.305,0.056,0.029,0.015,0.015,0.016,0.005,0.003,0.005,0.009,0.01,0.01,0.007,0
0.073,0.125,0.166,0.15,0.144,0.277,1.024,0.171,0.047,0.111,0.174,0.316,0.325,0.216,0.203,0.258,0.18,0.726,0.361,0.181,0.26,0.657,0.973,0.976,4.04,0.652,0.492,0.536,3.825,0.525,0.51,0.422,0.416,0.191,0.022,0.422,0.55,0.744,0.203,0.273,1.42,1.338,1.59,0.081,0.119,0.639,0.324,1.47,0.147,0.021,0.036,0.044,0.023,0.029,0.014,0.016,0.018,0.019,0.021,0.006,0
0.031,0.052,0.065,0.052,0.061,0.058,0.264,0.066,0.146,0.279,0.388,0.499,0.498,0.497,0.561,0.734,0.823,2.751,0.998,0.991,0.824,0.65,0.598,0.486,1.575,0.154,0.099,0.028,0.505,0.264,0.269,0.293,0.292,0.4,0.366,0.317,0.461,1.311,0.182,0.338,3.1,1.335,0.93,0.142,0.059,0.174,0.067,0.135,0.024,0.019,0.006,0.032,0.019,0.014,0.028,0.015,0.005,0.012,0.012,0.006,0
0.011,0.022,0.027,0.038,0.122,0.206,0.596,0.093,0.135,0.18,0.249,0.297,0.367,0.439,0.526,0.676,0.74,2.484,0.903,0.958,1,0.998,0.89,0.749,3.185,0.674,0.721,0.682,2.755,0.479,0.392,0.253,0.109,0.139,0.255,0.33,0.282,0.642,0.227,0.214,1.175,0.861,1.3,0.192,0.126,0.3,0.095,0.605,0.073,0.017,0.021,0.027,0.015,0.026,0.01,0.004,0.005,0.014,0.01,0.002,0
0.02,0.018,0.027,0.023,0.072,0.083,0.492,0.13,0.208,0.272,0.219,0.304,0.296,0.206,0.091,0.161,0.18,0.654,0.203,0.151,0.052,0.214,0.433,0.594,3.465,0.758,0.879,0.906,4.265,0.909,0.966,0.931,0.777,0.664,0.66,0.688,0.694,1.779,0.577,0.622,2.92,1.359,2.455,0.576,0.501,1.212,0.312,1.115,0.108,0.041,0.025,0.013,0.005,0.01,0.01,0.009,0.008,0.002,0.005,0.004,0
0.012,0.002,0.02,0.021,0.018,0.049,0.012,0.04,0.079,0.048,0.115,0.052,0.119,0.194,0.184,0.208,0.196,0.489,0.122,0.102,0.135,0.316,0.464,0.591,3.39,0.812,0.859,0.923,4.195,0.724,0.629,0.518,0.463,0.526,0.515,0.393,0.128,0.123,0.086,0.113,0.655,0.528,1.325,0.196,0.066,0.174,0.032,0.15,0.027,0.007,0.015,0.012,0.013,0.003,0.004,0.002,0.011,0.006,0.005,0.007,1
0.005,0.006,0.008,0.055,0.088,0.128,0.668,0.137,0.292,0.347,0.326,0.326,0.23,0.125,0.21,0.24,0.193,0.501,0.123,0.09,0.156,0.329,0.527,0.674,3.955,0.894,0.94,0.949,4.52,0.915,0.883,0.809,0.718,0.672,0.645,0.688,0.624,1.482,0.414,0.424,2.275,1.317,2.16,0.492,0.471,0.96,0.224,0.905,0.099,0.025,0.013,0.01,0.013,0.007,0.004,0.007,0.006,0.004,0,0.003,0
0.03,0.035,0.049,0.061,0.017,0.135,0.584,0.112,0.194,0.235,0.29,0.281,0.158,0.027,0.067,0.144,0.207,0.792,0.283,0.429,0.568,0.699,0.725,0.762,4.62,1,0.998,0.83,3.515,0.714,0.689,0.496,0.258,0.097,0.078,0.036,0.157,0.546,0.135,0.085,0.245,0.411,0.775,0.155,0.132,0.294,0.126,0.475,0.049,0.024,0.004,0.009,0.005,0.013,0.004,0.004,0.003,0.008,0.004,0.005,0
0.033,0.022,0.027,0.048,0.068,0.098,0.336,0.117,0.076,0.092,0.148,0.052,0.112,0.097,0.117,0.168,0.164,0.36,0.049,0.154,0.348,0.615,0.915,0.936,4.34,0.877,0.855,0.883,5,0.83,0.66,0.55,0.572,0.686,0.682,0.514,0.275,0.408,0.155,0.265,0.995,0.564,1.375,0.165,0.058,0.21,0.06,0.23,0.002,0.007,0.004,0.002,0.003,0.006,0.005,0.006,0.014,0.013,0.005,0.004,1
0.009,0.005,0.008,0.023,0.059,0.068,0.396,0.072,0.058,0.082,0.132,0.186,0.279,0.258,0.224,0.257,0.293,0.897,0.392,0.469,0.566,0.646,0.677,0.758,4.43,0.942,1,0.856,3.395,0.559,0.415,0.295,0.202,0.069,0.117,0.216,0.222,0.834,0.231,0.144,0.755,0.522,0.88,0.142,0.091,0.042,0.047,0.24,0.016,0.004,0.002,0.005,0.004,0.008,0.011,0.005,0.003,0.006,0.006,0.003,1
0.038,0.032,0.042,0.035,0.179,0.164,0.356,0.082,0.178,0.205,0.314,0.312,0.369,0.388,0.585,0.787,0.974,3,0.984,0.861,0.844,0.906,0.585,0.403,2.975,0.679,0.639,0.5,2.79,0.483,0.473,0.332,0.397,0.389,0.231,0.104,0.131,0.258,0.257,0.318,1.325,0.813,0.855,0.058,0.123,0.66,0.22,0.535,0.042,0.016,0.009,0.005,0.004,0.008,0.01,0.006,0.006,0.006,0.004,0.005,1
0.014,0.004,0.005,0.029,0.056,0.093,0.412,0.088,0.16,0.191,0.158,0.111,0.12,0.117,0.142,0.222,0.266,0.813,0.386,0.572,0.68,0.875,1,0.895,4.21,0.917,0.931,0.905,4.115,0.699,0.583,0.492,0.456,0.516,0.567,0.528,0.514,1.122,0.228,0.119,0.545,0.129,0.535,0.058,0.005,0.141,0.041,0.145,0.019,0.009,0.002,0.004,0.008,0.01,0.01,0.002,0.004,0.003,0.003,0.003,1
0.009,0.061,0.114,0.12,0.04,0.123,1,0.457,0.659,0.508,0.335,0.083,0.3,0.396,0.377,0.383,0.125,0.408,0.268,0.919,0.978,0.324,0.194,0.187,0.44,0.344,0.295,0.591,2.28,0.733,0.197,0.279,0.621,0.868,0.862,0.938,0.833,2.844,0.672,0.444,2.58,1.143,0.78,0.145,0.266,0.543,0.17,1.28,0.113,0.02,0.048,0.023,0.018,0.035,0.016,0.033,0.02,0.017,0.024,0.015,0
0.022,0.034,0.039,0.024,0.108,0.116,0.56,0.101,0.115,0.178,0.408,0.411,0.397,0.508,0.651,0.807,0.982,3,0.941,0.845,0.811,0.846,0.621,0.582,3.87,0.82,0.56,0.299,2.505,0.663,0.575,0.406,0.375,0.348,0.158,0.142,0.213,0.561,0.1,0.24,1.12,0.609,0.355,0.161,0.167,0.51,0.183,0.7,0.051,0.022,0.01,0.003,0.01,0.008,0.008,0.009,0.003,0.003,0.001,0.007,1
0.018,0.044,0.048,0.07,0.162,0.089,0.24,0.107,0.318,0.292,0.327,0.304,0.303,0.259,0.168,0.131,0.28,1.356,0.664,0.768,0.696,0.439,0.243,0.289,2.485,0.817,1,0.924,4.26,0.772,0.577,0.519,0.682,0.622,0.505,0.358,0.381,1.143,0.336,0.277,1.825,1.149,1.725,0.21,0.103,0.24,0.07,0.265,0.024,0.012,0.012,0.012,0.011,0.01,0.003,0.002,0.003,0.005,0.007,0.002,0
0.029,0.045,0.028,0.017,0.038,0.099,0.48,0.183,0.21,0.304,0.299,0.425,0.634,0.82,1,0.999,0.951,2.706,0.723,0.512,0.207,0.398,0.589,0.287,1.02,0.578,0.539,0.375,1.705,0.507,0.558,0.478,0.33,0.22,0.141,0.286,0.381,1.248,0.405,0.33,1.355,0.795,0.36,0.124,0.119,0.327,0.062,0.245,0.026,0.008,0.01,0.004,0.001,0.004,0.001,0.009,0.006,0.003,0.005,0.006,1
0.01,0.031,0.054,0.041,0.061,0.104,0.408,0.139,0.259,0.374,0.423,0.45,0.54,0.43,0.333,0.35,0.343,0.855,0.406,0.683,0.765,0.667,0.57,0.6,3.24,0.861,0.982,0.938,4.22,0.607,0.54,0.689,0.598,0.324,0.052,0.316,0.359,1.164,0.572,0.431,1.525,1.317,2.15,0.483,0.508,0.585,0.154,1.02,0.105,0.025,0.036,0.018,0.002,0.01,0.013,0.004,0.004,0.003,0.003,0.003,0
0.021,0.012,0.02,0.104,0.168,0.042,0.288,0.083,0.049,0.069,0.112,0.174,0.271,0.309,0.358,0.5,0.601,1.941,0.807,0.901,0.891,0.934,1,0.91,4.25,0.787,0.769,0.772,3.135,0.43,0.208,0.12,0.166,0.262,0.386,0.396,0.325,0.69,0.325,0.402,2.17,1.203,1.685,0.252,0.21,0.354,0.115,0.275,0.029,0.018,0.01,0.012,0.01,0.006,0.003,0.01,0.008,0.011,0.016,0.013,0
0.072,0.085,0.059,0.022,0.086,0.18,0.768,0.19,0.296,0.419,0.487,0.525,0.596,0.686,0.857,0.972,0.869,2.613,0.895,0.992,0.898,0.816,0.837,0.754,2.945,0.549,0.564,0.541,2.39,0.444,0.37,0.257,0.148,0.174,0.123,0.159,0.18,0.432,0.167,0.263,1.115,0.372,0.435,0.209,0.15,0.204,0.09,0.465,0.066,0.009,0.022,0.015,0.012,0.01,0.02,0.004,0.007,0.01,0.008,0.012,0
0.022,0.038,0.048,0.048,0.065,0.059,0.3,0.01,0.068,0.149,0.116,0.165,0.383,0.36,0.171,0.114,0.035,1.14,0.74,0.992,0.98,0.889,0.671,0.429,1.685,0.737,0.961,0.735,2.43,0.159,0.301,0.41,0.317,0.33,0.341,0.219,0.246,0.819,0.168,0.279,1.28,0.522,1.06,0.11,0.098,0.381,0.146,0.58,0.078,0.044,0.006,0.014,0.013,0.014,0.006,0.005,0.006,0.009,0.006,0.002,1
0.115,0.116,0.087,0.036,0.023,0.127,0.968,0.266,0.435,0.538,0.382,0.099,0.062,0.18,0.391,0.36,0.304,0.729,0.406,0.84,0.978,0.468,0.061,0.214,0.675,0.285,0.162,0.265,2.28,0.65,0.285,0.33,0.537,0.663,0.863,0.855,0.785,2.706,0.883,0.609,1.405,0.273,0.59,0.269,0.521,1.269,0.234,0.965,0.109,0.051,0.023,0.01,0.006,0.008,0.017,0.011,0.019,0.014,0.007,0.009,0
0.016,0.017,0.035,0.007,0.019,0.067,0.424,0.07,0.096,0.025,0.08,0.106,0.127,0.089,0.02,0.113,0.283,0.969,0.324,0.433,0.607,0.765,0.92,0.972,4.605,0.754,0.829,0.891,3.655,0.69,0.583,0.494,0.31,0.031,0.024,0.111,0.159,0.411,0.07,0.045,0.31,0.426,0.8,0.138,0.037,0.207,0.087,0.255,0.009,0.02,0.012,0.009,0.022,0.018,0.008,0.007,0.003,0.004,0.006,0.004,1
0.022,0.022,0.027,0.014,0.036,0.078,0.364,0.091,0.115,0.097,0.12,0.11,0.119,0.176,0.239,0.214,0.193,0.528,0.075,0.126,0.2,0.157,0.26,0.539,4.22,1,0.868,0.674,2.77,0.464,0.361,0.206,0.162,0.209,0.31,0.234,0.106,0.114,0.053,0.129,1.12,0.576,0.795,0.094,0.084,0.201,0.034,0.235,0.036,0.014,0.008,0.014,0.004,0.005,0.007,0.002,0.005,0.002,0.001,0.002,1
0.02,0.016,0.034,0.033,0.04,0.044,0.272,0.09,0.174,0.257,0.293,0.311,0.36,0.3,0.272,0.201,0.18,0.669,0.357,0.549,0.721,0.832,0.886,0.952,4.82,1,0.967,0.866,3.95,0.634,0.535,0.406,0.256,0.289,0.359,0.43,0.477,1.356,0.376,0.305,0.96,0.354,0.99,0.157,0.066,0.387,0.08,0.025,0.023,0.015,0.012,0.005,0.006,0.014,0.011,0.004,0.006,0.01,0.008,0.004,0
0.021,0.026,0.012,0.077,0.106,0.168,1.208,0.346,0.331,0.412,0.394,0.133,0.462,0.997,0.914,0.829,0.699,2.346,0.879,0.85,0.892,0.947,1,0.898,3.905,0.832,0.65,0.455,2.365,0.339,0.275,0.098,0.048,0.14,0.183,0.215,0.127,0.573,0.339,0.344,1.185,0.36,1.33,0.259,0.139,0.324,0.138,0.66,0.107,0.032,0.032,0.006,0.016,0.008,0.037,0.01,0.013,0.029,0.013,0.002,0
0.012,0.018,0.045,0.11,0.191,0.092,0.304,0.109,0.076,0.101,0.25,0.399,0.381,0.475,0.616,0.646,0.802,2.763,0.983,0.963,0.865,0.832,0.828,0.801,3.05,0.485,0.436,0.431,2.2,0.383,0.303,0.304,0.32,0.229,0.213,0.235,0.32,1.338,0.366,0.272,0.875,0.534,1.1,0.106,0.057,0.093,0.024,0.235,0.01,0.006,0.003,0.016,0.01,0.008,0.027,0.028,0.01,0.005,0.015,0.009,0
0.009,0.017,0.04,0.036,0.068,0.071,0.408,0.089,0.038,0.133,0.13,0.027,0.064,0.071,0.12,0.072,0.122,0.705,0.368,0.392,0.492,0.879,0.961,0.879,3.45,0.694,0.567,0.654,3.9,0.758,0.584,0.632,0.811,0.904,0.865,0.67,0.403,0.711,0.268,0.366,1.635,0.66,1.5,0.22,0.116,0.192,0.046,0.21,0.017,0.017,0.013,0.014,0.019,0.014,0.006,0.013,0.022,0.009,0.008,0.012,1
0.02,0.012,0.012,0.024,0.055,0.021,0.356,0.084,0.134,0.12,0.174,0.139,0.204,0.258,0.262,0.21,0.253,0.963,0.433,0.476,0.533,0.606,0.67,0.748,4.465,0.94,1,0.978,4.235,0.764,0.67,0.499,0.372,0.22,0.142,0.268,0.263,0.93,0.339,0.212,0.585,0.798,1.1,0.154,0.146,0.312,0.122,0.37,0.049,0.022,0.003,0.008,0.004,0.006,0.008,0.004,0.004,0.003,0.001,0.002,1
0.045,0.047,0.07,0.102,0.14,0.149,0.596,0.077,0.117,0.168,0.28,0.332,0.401,0.43,0.535,0.541,0.687,2.412,0.919,0.917,1,0.997,0.909,0.792,3.35,0.532,0.357,0.248,1.58,0.378,0.314,0.171,0.294,0.523,0.593,0.544,0.452,1.014,0.322,0.218,0.835,0.789,1.49,0.204,0.116,0.276,0.088,0.115,0.038,0.014,0.014,0.012,0.004,0.024,0.013,0.008,0.022,0.032,0.015,0.005,0
0.024,0.029,0.075,0.052,0.023,0.083,0.272,0.2,0.288,0.367,0.297,0.084,0.191,0.504,0.635,0.68,0.75,1.98,0.451,0.296,0.402,0.679,0.83,1,4.12,0.712,0.773,0.612,2.47,0.565,0.491,0.182,0.181,0.111,0.46,0.665,0.642,0.651,0.195,0.495,2.46,1.212,1.2,0.139,0.178,0.585,0.172,0.76,0.093,0.018,0.024,0.008,0.004,0.01,0.01,0.003,0.013,0.007,0.011,0.009,1
0.011,0.009,0.012,0.038,0.068,0.086,0.4,0.066,0.094,0.104,0.097,0.05,0.155,0.34,0.48,0.657,0.774,2.349,0.815,0.813,0.83,0.854,0.887,0.889,4.49,0.967,1,0.913,3.38,0.466,0.29,0.296,0.175,0.211,0.257,0.228,0.215,0.48,0.037,0.012,0.245,0.087,0.3,0.043,0.037,0.006,0.033,0.13,0.018,0.011,0.012,0.008,0.002,0.012,0.005,0.008,0.008,0.006,0.006,0.004,1
0.02,0.01,0.032,0.024,0.081,0.153,0.46,0.061,0.132,0.137,0.084,0.027,0.125,0.305,0.558,0.797,0.834,2.418,0.862,0.877,0.941,0.94,0.941,1,4.86,0.931,0.935,0.732,2.21,0.324,0.416,0.461,0.403,0.3,0.246,0.135,0.254,0.678,0.16,0.148,0.42,0.171,0.43,0.126,0.115,0.171,0.043,0.21,0.024,0.001,0.019,0.013,0.008,0.007,0.004,0.006,0.005,0.005,0.007,0.005,1
0.032,0.025,0.017,0.048,0.09,0.106,0.408,0.121,0.124,0.153,0.213,0.254,0.269,0.28,0.189,0.148,0.216,0.726,0.299,0.334,0.379,0.396,0.523,0.691,3.935,0.834,0.92,1,4.495,0.646,0.597,0.436,0.3,0.229,0.187,0.092,0.183,0.522,0.245,0.241,1.26,0.954,0.84,0.068,0.119,0.549,0.188,0.555,0.031,0.014,0.014,0.011,0.006,0.004,0.007,0.001,0.005,0.004,0,0.006,0
0.027,0.024,0.062,0.056,0.113,0.097,0.728,0.174,0.144,0.181,0.237,0.091,0.175,0.401,0.519,0.731,0.906,2.778,0.743,0.446,0.51,0.695,0.776,0.836,3.64,0.64,0.576,0.415,1.75,0.444,0.266,0.202,0.194,0.076,0.372,0.584,0.483,0.705,0.1,0.324,1.995,0.894,0.84,0.176,0.168,0.219,0.119,0.65,0.075,0.007,0.026,0.011,0.011,0.008,0.005,0.007,0.01,0.016,0.022,0.017,1
0.023,0.035,0.003,0.03,0.034,0.086,0.696,0.135,0.106,0.035,0.058,0.138,0.227,0.404,0.522,0.685,0.752,2.328,0.771,0.863,1,0.887,0.806,0.876,4.535,0.943,0.885,0.65,1.485,0.242,0.299,0.228,0.228,0.153,0.104,0.035,0.107,0.411,0.133,0.145,0.56,0.132,0.38,0.138,0.083,0.195,0.084,0.3,0.05,0.031,0.015,0.011,0.01,0.002,0.005,0.007,0.006,0.004,0.004,0.003,1
0.027,0.016,0.034,0.025,0.082,0.126,0.528,0.158,0.202,0.212,0.221,0.24,0.296,0.406,0.51,0.551,0.661,2.04,0.652,0.679,0.781,0.837,0.897,0.986,5,0.94,0.892,0.81,3.415,0.557,0.43,0.334,0.204,0.08,0.081,0.152,0.263,0.738,0.198,0.241,1.205,0.57,1.04,0.177,0.112,0.234,0.134,0.48,0.06,0.033,0.02,0.019,0.02,0.008,0.004,0.009,0.014,0.009,0.01,0.009,0
0.041,0.042,0.057,0.013,0.018,0.102,0.42,0.107,0.23,0.226,0.237,0.332,0.383,0.484,0.681,0.756,0.952,2.949,0.887,0.827,0.756,0.822,0.697,0.644,3.475,0.801,0.605,0.608,4.44,0.856,0.556,0.29,0.364,0.479,0.291,0.09,0.204,0.513,0.041,0.129,0.79,0.657,0.85,0.097,0.222,0.819,0.187,0.53,0.066,0.04,0.011,0.003,0.004,0.01,0.012,0.009,0.006,0.006,0.003,0.008,1
0.052,0.044,0.018,0.029,0.035,0.117,0.504,0.118,0.126,0.253,0.272,0.237,0.188,0.098,0.068,0.15,0.172,0.702,0.196,0.14,0.316,0.589,0.763,0.847,4.71,0.999,0.97,1,4.315,0.698,0.772,0.73,0.52,0.179,0.11,0.145,0.107,0.432,0.193,0.032,0.745,0.099,0.27,0.131,0.091,0.228,0.106,0.5,0.054,0.024,0.016,0.016,0.003,0.005,0.006,0.009,0.014,0.014,0.008,0.003,0
0.021,0.019,0.013,0.021,0.061,0.061,0.244,0.051,0.099,0.109,0.106,0.118,0.129,0.159,0.168,0.192,0.162,0.495,0.14,0.143,0.243,0.282,0.429,0.644,4.53,1,0.809,0.612,2.63,0.368,0.275,0.102,0.134,0.158,0.195,0.179,0.043,0.33,0.176,0.248,1.575,0.876,0.95,0.07,0.076,0.273,0.044,0.12,0.026,0.01,0.014,0.007,0.006,0.008,0.009,0.004,0.003,0.002,0.005,0.002,1
0.037,0.059,0.063,0.053,0.026,0.142,0.828,0.273,0.307,0.26,0.348,0.4,0.457,0.595,0.792,0.827,0.809,2.694,0.983,0.898,0.889,0.937,0.912,0.794,3.36,0.632,0.486,0.339,2.415,0.382,0.308,0.127,0.074,0.151,0.191,0.182,0.171,0.285,0.283,0.301,0.8,0.444,1.44,0.205,0.106,0.42,0.106,0.265,0.04,0.018,0.035,0.012,0.006,0.024,0.003,0.009,0.012,0.011,0.01,0.013,0
0.01,0.048,0.03,0.03,0.065,0.108,0.944,0.238,0.008,0.188,0.146,0.189,0.318,0.134,0.217,0.246,0.259,0.837,0.23,0.066,0.144,0.118,0.167,0.178,1.24,0.257,0.104,0.536,3.56,0.629,0.476,0.602,0.721,0.623,0.572,0.752,0.871,2.775,0.971,0.93,4.5,2.373,2.8,0.284,0.441,1.653,0.433,1.45,0.198,0.078,0.04,0.017,0.015,0.012,0.02,0.014,0.003,0.016,0.011,0.013,1
0.041,0.114,0.052,0.023,0.065,0.112,0.716,0.241,0.268,0.206,0.155,0.267,0.314,0.29,0.353,0.508,0.464,0.558,0.447,0.408,0.54,0.479,0.433,0.611,2.545,0.461,0.724,0.899,4.415,0.92,0.8,0.603,0.212,0.287,0.403,0.28,0.309,1.065,0.254,0.143,2.935,1.929,2.915,0.429,0.489,1.734,0.432,1.32,0.179,0.077,0.08,0.038,0.014,0.027,0.013,0.017,0.01,0.022,0.01,0.008,0
0.044,0.048,0.005,0.058,0.028,0.068,0.664,0.149,0.097,0.127,0.111,0.238,0.201,0.214,0.111,0.204,0.247,2.004,0.834,0.825,0.802,0.898,0.966,0.852,3.315,0.324,0.205,0.567,2.865,0.488,0.753,0.76,0.518,0.412,0.556,0.557,0.134,1.149,0.461,0.433,1.28,0.441,1.745,0.266,0.094,0.411,0.134,0.21,0.072,0.064,0.021,0.02,0.022,0.014,0.006,0.007,0.008,0.01,0.006,0.01,1
0.007,0.023,0.051,0.044,0.025,0.064,0.168,0.113,0.191,0.248,0.161,0.092,0.24,0.322,0.43,0.265,0.067,0.432,0.237,0.26,0.249,0.39,0.638,0.804,3.515,0.687,0.7,0.856,5,0.962,0.9,0.758,0.69,0.569,0.44,0.455,0.296,0.477,0.168,0.084,0.585,0.525,1.365,0.17,0.019,0.063,0.035,0.21,0.009,0.02,0.02,0.017,0.016,0.006,0.004,0.007,0.004,0.005,0.019,0.01,1
0.008,0.009,0.006,0.025,0.034,0.055,0.212,0.096,0.101,0.124,0.11,0.122,0.187,0.338,0.323,0.272,0.394,1.929,0.727,0.867,0.967,0.985,0.948,0.804,3.415,0.514,0.309,0.083,2.01,0.234,0.19,0.124,0.172,0.235,0.249,0.365,0.338,0.477,0.099,0.109,0.52,0.252,0.695,0.082,0.068,0.198,0.12,0.345,0.015,0.027,0.017,0.018,0.013,0.009,0.01,0.002,0.006,0.006,0.006,0.003,1
0.018,0.014,0.041,0.063,0.06,0.081,0.836,0.346,0.528,0.596,0.625,0.451,0.369,0.286,0.164,0.042,0.178,1.317,0.695,0.81,0.855,0.872,0.86,0.92,4.365,0.808,0.869,0.841,2.895,0.375,0.348,0.464,0.65,0.69,0.567,0.519,0.506,1.164,0.376,0.374,1.3,0.477,0.94,0.227,0.158,0.363,0.088,0.425,0.036,0.022,0.009,0.012,0.006,0.019,0.011,0.013,0.008,0.016,0.016,0.008,0
0.016,0.024,0.015,0.049,0.099,0.142,0.584,0.122,0.17,0.192,0.236,0.272,0.305,0.299,0.223,0.174,0.246,0.93,0.357,0.428,0.427,0.374,0.458,0.609,3.61,0.76,0.871,1,4.91,0.719,0.585,0.419,0.376,0.326,0.194,0.139,0.167,0.384,0.167,0.257,1.13,0.834,0.805,0.134,0.198,0.369,0.155,0.53,0.049,0.01,0.022,0.012,0.011,0.006,0.003,0.008,0.003,0.005,0.002,0.002,0
0.012,0.058,0.062,0.06,0.14,0.188,0.568,0.145,0.049,0.086,0.214,0.372,0.266,0.211,0.11,0.114,0.193,1.242,0.328,0.622,0.747,0.768,0.787,0.825,5,0.948,0.754,0.601,2.72,0.539,0.562,0.514,0.608,0.562,0.596,0.608,0.502,0.849,0.048,0.281,1.71,1.545,2.185,0.247,0.171,0.402,0.084,0.38,0.03,0.007,0.007,0.002,0.01,0.007,0.012,0.007,0.008,0.007,0.003,0.014,1
0.023,0.037,0.004,0.038,0.046,0.145,0.884,0.119,0.075,0.163,0.271,0.336,0.409,0.44,0.548,0.721,0.814,2.754,1,0.942,0.912,0.935,0.748,0.515,2.055,0.344,0.698,0.871,4.505,0.801,0.438,0.132,0.171,0.248,0.304,0.231,0.134,0.618,0.247,0.279,0.805,0.018,0.175,0.115,0.133,0.084,0.076,0.315,0.031,0.024,0.012,0.006,0.002,0.012,0.015,0.006,0.003,0.003,0.01,0.016,1
0.072,0.157,0.111,0.108,0.067,0.18,0.444,0.279,0.141,0.08,0.253,0.392,0.338,0.161,0.189,0.331,0.228,0.654,0.185,0.517,0.534,0.63,0.844,0.676,2.91,0.614,0.881,0.838,1.935,0.505,0.546,0.424,0.153,0.495,0.698,0.711,0.565,1.461,0.552,0.443,2.625,1.824,2.625,0.136,0.427,1.332,0.219,0.45,0.12,0.063,0.023,0.031,0.013,0.008,0.028,0.012,0.009,0.015,0.016,0.013,0
0.02,0.014,0.018,0.041,0.039,0.025,0.356,0.097,0.084,0.119,0.152,0.132,0.143,0.124,0.065,0.089,0.123,0.555,0.388,0.366,0.23,0.261,0.419,0.585,2.82,0.545,0.477,0.69,4.9,1,0.955,0.884,0.766,0.655,0.545,0.459,0.468,0.597,0.07,0.149,0.855,0.495,1.3,0.385,0.375,0.723,0.108,0.11,0.016,0.019,0.012,0.003,0.007,0.012,0.001,0.002,0.006,0.004,0.007,0.001,1
0.002,0.031,0.017,0.023,0.043,0.122,0.78,0.166,0.137,0.143,0.099,0.225,0.244,0.324,0.304,0.241,0.037,0.501,0.304,0.407,0.361,0.199,0.461,0.685,3.635,0.715,0.71,0.852,5,0.769,0.484,0.372,0.61,0.511,0.259,0.092,0.095,0.687,0.348,0.21,0.95,0.882,1.105,0.152,0.075,0.183,0.069,0.225,0.034,0.008,0.011,0.015,0.008,0.004,0.011,0.008,0.01,0.002,0.003,0.001,1
0.063,0.106,0.153,0.123,0.144,0.119,0.352,0.091,0.211,0.36,0.547,0.52,0.513,0.54,0.656,0.87,0.979,2.802,0.792,0.738,0.691,0.385,0.067,0.05,1.36,0.284,0.223,0.191,0.205,0.253,0.198,0.189,0.243,0.196,0.267,0.134,0.107,0.606,0.179,0.023,0.655,0.534,0.775,0.163,0.071,0.039,0.08,0.38,0.012,0.006,0.026,0.009,0.026,0.011,0.014,0.019,0.023,0.006,0.011,0.013,0
0.034,0.013,0.07,0.118,0.035,0.118,0.78,0.161,0.304,0.437,0.553,0.577,0.702,0.707,0.737,0.739,0.862,2.838,0.878,0.791,0.576,0.306,0.056,0.024,1.275,0.486,0.503,0.44,1.425,0.18,0.356,0.352,0.332,0.311,0.364,0.075,0.183,0.546,0.182,0.159,0.29,0.285,0.545,0.081,0.078,0.147,0.044,0.295,0.037,0.018,0.03,0.024,0.023,0.009,0.016,0.019,0.003,0.038,0.013,0.016,0
0.01,0.028,0.019,0.037,0.042,0.02,0.124,0.065,0.19,0.267,0.338,0.328,0.243,0.127,0.128,0.444,0.68,2.115,0.797,0.94,0.986,0.819,0.579,0.639,3.52,0.688,0.408,0.181,1.03,0.392,0.379,0.204,0.223,0.334,0.398,0.508,0.553,1.005,0.272,0.228,1.02,0.597,0.42,0.091,0.138,0.585,0.121,0.42,0.059,0.025,0.012,0.009,0.01,0.004,0.009,0.005,0.012,0.002,0.009,0.006,1
0.029,0.012,0.012,0.011,0.05,0.1,0.532,0.112,0.298,0.347,0.423,0.504,0.524,0.44,0.324,0.296,0.329,0.969,0.453,0.634,0.704,0.831,0.845,0.851,4.57,0.998,1,0.754,2.33,0.392,0.385,0.467,0.424,0.31,0.075,0.288,0.407,0.951,0.286,0.263,0.27,0.561,1.73,0.465,0.437,0.774,0.132,0.25,0.011,0.006,0.004,0.006,0.01,0.008,0.001,0.005,0.002,0.001,0.008,0.004,0
0.026,0.019,0.025,0.006,0.035,0.07,0.504,0.108,0.152,0.163,0.103,0.219,0.154,0.263,0.294,0.298,0.07,0.42,0.299,0.392,0.36,0.24,0.421,0.568,3.045,0.632,0.655,0.767,5,0.846,0.551,0.444,0.517,0.427,0.18,0.079,0.054,0.573,0.256,0.215,1.385,0.852,0.865,0.082,0.034,0.279,0.102,0.155,0.021,0.032,0.013,0.012,0.012,0.005,0.007,0.002,0.004,0.001,0.004,0.008,1
0.007,0.01,0.014,0.049,0.025,0.081,0.28,0.074,0.012,0.09,0.029,0.155,0.144,0.104,0.142,0.123,0.089,0.615,0.083,0.152,0.303,0.161,0.067,0.143,0.2,0.165,0.34,0.486,2.605,0.551,0.61,0.599,0.676,0.89,1,0.952,0.846,2.121,0.67,0.633,2.55,1.248,1.41,0.17,0.142,0.291,0.088,0.43,0.036,0.023,0.025,0.004,0.005,0.008,0.012,0.01,0.005,0.003,0.007,0.006,1
0.041,0.028,0.06,0.052,0.049,0.038,0.244,0.112,0.124,0.23,0.137,0.134,0.214,0.153,0.078,0.12,0.09,0.207,0.207,0.298,0.284,0.335,0.362,0.32,1.725,0.356,0.389,0.662,4.625,1,0.853,0.63,0.525,0.401,0.29,0.201,0.336,1.44,0.615,0.625,2.485,1.047,1.33,0.314,0.428,1.278,0.351,1.23,0.126,0.033,0.018,0.022,0.004,0.002,0.006,0.013,0.011,0.005,0.008,0.004,0
0.043,0.056,0.071,0.062,0.122,0.152,0.616,0.039,0.061,0.011,0.126,0.247,0.301,0.375,0.452,0.539,0.659,2.133,0.76,0.867,0.842,0.797,0.838,0.932,4.28,0.616,0.414,0.327,1.555,0.255,0.337,0.446,0.5,0.511,0.519,0.462,0.423,1.311,0.428,0.443,1.85,0.996,1.28,0.253,0.214,0.537,0.101,0.265,0.045,0.012,0.001,0.014,0.018,0.008,0.006,0.013,0.009,0.008,0.011,0.005,0
0.076,0.067,0.048,0.039,0.059,0.065,0.484,0.247,0.356,0.446,0.415,0.395,0.426,0.414,0.453,0.533,0.731,1.857,0.203,0.464,0.415,0.429,0.573,0.54,1.58,0.228,0.7,1,3.63,0.472,0.51,0.546,0.288,0.098,0.195,0.418,0.46,0.966,0.283,0.243,0.99,0.732,0.925,0.084,0.069,0.159,0.036,0.04,0.023,0.005,0.016,0.003,0.005,0.01,0.011,0.002,0.007,0.005,0.011,0.009,1
0.028,0.06,0.066,0.023,0.084,0.167,0.46,0.11,0.137,0.177,0.2,0.287,0.328,0.377,0.417,0.504,0.618,2.406,0.933,0.94,0.928,0.945,0.833,0.777,3.505,0.615,0.581,0.445,1.855,0.289,0.218,0.171,0.358,0.395,0.287,0.24,0.362,0.993,0.376,0.477,2.03,1.098,1.16,0.145,0.102,0.333,0.066,0.135,0.024,0.018,0.011,0.015,0.017,0.016,0.005,0.007,0.005,0.003,0.004,0.008,0
0.06,0.047,0.05,0.039,0.103,0.077,0.34,0.045,0.109,0.035,0.158,0.202,0.227,0.283,0.382,0.466,0.669,2.595,0.936,0.937,0.914,0.916,0.931,0.86,3.665,0.576,0.416,0.411,2.075,0.315,0.294,0.317,0.315,0.413,0.399,0.42,0.453,1.326,0.474,0.343,1.595,1.011,1.245,0.265,0.175,0.279,0.053,0.04,0.034,0.014,0.003,0.001,0,0.023,0.021,0.008,0.012,0.011,0.011,0.01,0
0.064,0.071,0.045,0.033,0.018,0.126,0.408,0.192,0.336,0.39,0.467,0.563,0.551,0.434,0.305,0.349,0.398,1.164,0.528,0.72,0.77,0.856,0.869,0.924,5,0.966,0.982,0.736,2.08,0.292,0.328,0.369,0.345,0.286,0.086,0.372,0.465,1.047,0.182,0.114,0.61,0.786,2.23,0.473,0.326,0.426,0.039,0.205,0.031,0.009,0.015,0.005,0.002,0.009,0.007,0.01,0.009,0.008,0.004,0.005,0
0.024,0.022,0.032,0.057,0.033,0.051,0.36,0.071,0.057,0.039,0.193,0.243,0.291,0.261,0.381,0.5,0.302,1.098,0.679,0.731,0.505,0.444,0.699,0.813,3.89,0.894,0.893,0.891,4.305,0.806,0.554,0.245,0.346,0.162,0.247,0.556,0.468,0.294,0.158,0.075,1.66,1.122,1.335,0.108,0.142,0.507,0.074,0.315,0.014,0.023,0.006,0.016,0.015,0.009,0.011,0.009,0.005,0.002,0.007,0.002,1
0.042,0.032,0.071,0.011,0.107,0.097,0.384,0.132,0.246,0.27,0.341,0.429,0.368,0.394,0.296,0.317,0.282,0.915,0.241,0.542,0.68,0.632,0.582,0.68,2.99,0.841,0.991,0.919,4,0.671,0.563,0.733,0.604,0.258,0.035,0.18,0.304,1.428,0.576,0.425,2.525,2.154,3.08,0.566,0.575,1.077,0.253,1.15,0.127,0.036,0.037,0.018,0.004,0.009,0.012,0.008,0.006,0.002,0.004,0.002,0
0.02,0.003,0.014,0.006,0.013,0.015,0.216,0.021,0.05,0.11,0.084,0.094,0.12,0.042,0.003,0.016,0.062,0.639,0.344,0.381,0.382,0.476,0.631,0.752,4.34,0.879,0.79,0.836,4.815,0.962,0.924,0.89,0.971,0.965,0.789,0.531,0.272,0.585,0.137,0.31,1.895,1.23,1.68,0.3,0.275,0.606,0.104,0.225,0.034,0.012,0.007,0.011,0.007,0.006,0.003,0.001,0.001,0.002,0.006,0.004,1
0.009,0.033,0.031,0.038,0.13,0.18,0.764,0.169,0.187,0.172,0.223,0.311,0.414,0.516,0.537,0.511,0.644,2.199,0.816,0.886,0.989,1,0.875,0.863,4.535,0.867,0.775,0.66,2.81,0.402,0.233,0.116,0.11,0.043,0.062,0.196,0.212,0.972,0.41,0.294,0.955,0.51,0.505,0.151,0.143,0.33,0.117,0.485,0.07,0.028,0.022,0.015,0.011,0.024,0.016,0.006,0.008,0.006,0.009,0.007,0
0.005,0.002,0.027,0.045,0.096,0.083,0.352,0.122,0.198,0.228,0.252,0.348,0.331,0.261,0.178,0.206,0.23,1.062,0.622,0.726,0.835,0.827,0.837,0.941,4.755,0.98,0.997,1,4.52,0.641,0.386,0.291,0.204,0.165,0.177,0.114,0.074,0.282,0.062,0.043,0.285,0.321,0.955,0.223,0.22,0.678,0.177,0.55,0.056,0.014,0.028,0.016,0.006,0.001,0.003,0.006,0.002,0.006,0.002,0.003,0
0.039,0.032,0.069,0.09,0.127,0.152,0.852,0.261,0.283,0.272,0.364,0.393,0.384,0.468,0.536,0.482,0.484,1.758,0.758,0.7,0.692,0.863,0.911,0.935,3.94,0.858,0.926,0.708,2.89,0.522,0.45,0.313,0.145,0.105,0.182,0.152,0.102,0.432,0.199,0.204,1.39,0.864,0.665,0.114,0.131,0.429,0.062,0.05,0.01,0.013,0.015,0.026,0.007,0.026,0.008,0.011,0.011,0.007,0.01,0.007,0
0.011,0.009,0.006,0.046,0.075,0.089,0.408,0.049,0.047,0.039,0.111,0.141,0.22,0.298,0.412,0.475,0.539,1.884,0.706,0.792,0.949,1,0.964,0.943,4.33,0.79,0.65,0.449,2.37,0.615,0.493,0.32,0.374,0.334,0.105,0.067,0.038,0.138,0.169,0.217,0.84,0.192,0.08,0.078,0.065,0.063,0.051,0.195,0.026,0.01,0.016,0.003,0.008,0.011,0.008,0.006,0,0.002,0.003,0.003,1
0.012,0.074,0.037,0.022,0.008,0.054,0.444,0.107,0.171,0.227,0.317,0.288,0.266,0.231,0.189,0.179,0.23,1.116,0.622,0.726,0.793,0.804,0.807,0.917,4.665,0.956,1,0.982,4.34,0.638,0.4,0.324,0.284,0.241,0.232,0.126,0.069,0.21,0.144,0.148,0.22,0.141,0.74,0.174,0.156,0.495,0.118,0.36,0.032,0.006,0.02,0.014,0.01,0.01,0.003,0.003,0.004,0.004,0.006,0.004,0
0.02,0.012,0.038,0.013,0.054,0.087,0.408,0.085,0.114,0.175,0.22,0.272,0.21,0.173,0.204,0.179,0.132,0.678,0.236,0.311,0.391,0.363,0.481,0.653,3.905,0.84,0.918,0.977,4.47,0.702,0.65,0.507,0.39,0.301,0.156,0.098,0.22,0.672,0.274,0.215,1.22,0.945,1.055,0.099,0.059,0.582,0.194,0.54,0.034,0.018,0.021,0.013,0.009,0.005,0.004,0.004,0.003,0.004,0.001,0.002,0
0.013,0.001,0.009,0.046,0.052,0.078,0.372,0.094,0.171,0.148,0.153,0.11,0.089,0.124,0.12,0.114,0.214,0.852,0.364,0.543,0.667,0.798,0.927,0.903,4.595,1,0.982,0.909,4.09,0.696,0.59,0.545,0.514,0.539,0.553,0.532,0.483,1.137,0.183,0.175,0.84,0.201,0.305,0.038,0.053,0.084,0.018,0.055,0.007,0.012,0.009,0.008,0.004,0.001,0.001,0.004,0.004,0.002,0.002,0.002,1
0.037,0.028,0.023,0.022,0.018,0.073,0.336,0.103,0.099,0.08,0.156,0.256,0.262,0.118,0.06,0.156,0.224,1.077,0.179,0.326,0.608,0.699,0.839,0.855,3.855,0.622,0.574,0.44,2.03,0.441,0.513,0.596,0.727,0.654,0.59,0.539,0.49,1.224,0.414,0.6,3.6,1.989,3.145,0.409,0.321,0.756,0.148,0.495,0.032,0.027,0.007,0.001,0.004,0.002,0.001,0.007,0.01,0.005,0.008,0.006,1
0.013,0.017,0.018,0.036,0.044,0.074,0.32,0.046,0.037,0.125,0.24,0.232,0.252,0.147,0.067,0.11,0.235,0.984,0.442,0.517,0.651,0.779,0.798,0.779,4.295,0.932,0.945,0.864,3.61,0.485,0.136,0.295,0.472,0.604,0.808,0.987,0.88,1.923,0.428,0.27,1.32,1.002,2.17,0.454,0.396,0.756,0.108,0.185,0.029,0.01,0.005,0.009,0.005,0.005,0.002,0.001,0.004,0.002,0.003,0.004,0
0.086,0.045,0.038,0.02,0.038,0.053,0.856,0.311,0.284,0.275,0.271,0.095,0.102,0.452,0.674,0.67,0.707,1.689,0.378,0.272,0.53,0.77,0.864,0.93,4.685,0.625,0.602,0.681,2.525,0.578,0.475,0.24,0.278,0.2,0.53,0.741,0.778,1.326,0.142,0.351,2.24,1.263,1.525,0.224,0.261,0.84,0.239,1.01,0.133,0.036,0.013,0.017,0.014,0.008,0.004,0.005,0.026,0.01,0.004,0.004,1
0.03,0.062,0.065,0.092,0.162,0.229,0.872,0.203,0.146,0.085,0.248,0.364,0.278,0.283,0.324,0.434,0.564,1.368,0.435,0.643,0.393,0.199,0.354,0.916,4.685,0.462,0.277,0.661,4.015,0.42,0.519,0.696,0.579,0.889,0.786,0.713,0.762,1.32,0.301,0.316,1.405,0.87,0.265,0.187,0.155,0.489,0.125,0.375,0.045,0.006,0.015,0.003,0.015,0.007,0.021,0.008,0.015,0.005,0.02,0.007,1
0.01,0.019,0.016,0.049,0.084,0.101,0.652,0.207,0.27,0.299,0.324,0.356,0.395,0.52,0.695,0.847,1,2.784,0.851,0.801,0.814,0.882,0.73,0.611,3.58,0.846,0.632,0.481,3.145,0.715,0.6,0.424,0.411,0.399,0.173,0.198,0.237,0.402,0.158,0.315,0.985,0.615,0.635,0.113,0.195,0.66,0.193,0.75,0.077,0.02,0.012,0.013,0.007,0.008,0.008,0.006,0.008,0.002,0.005,0.002,1
0.065,0.065,0.074,0.113,0.248,0.126,0.72,0.099,0.246,0.342,0.213,0.138,0.403,0.568,0.24,0.433,0.595,1.731,0.818,0.884,0.525,0.637,0.838,0.67,3.88,0.875,0.83,0.69,1.685,0.64,0.714,0.82,0.666,0.525,0.296,0.07,0.097,1.182,0.603,0.352,1.96,1.443,2.3,0.416,0.544,1.695,0.32,1.24,0.13,0.082,0.024,0.021,0.036,0.024,0.045,0.039,0.036,0.044,0.024,0.01,0
0.031,0.049,0.069,0.083,0.008,0.02,0.392,0.102,0.202,0.077,0.177,0.256,0.281,0.272,0.323,0.346,0.54,2.373,0.906,0.87,0.767,0.296,0.415,0.604,1.59,0.348,0.616,0.805,3.145,0.5,0.583,0.666,0.412,0.126,0.249,0.468,0.538,0.945,0.214,0.185,0.84,0.699,0.51,0.071,0.062,0.234,0.076,0.42,0.059,0.007,0.009,0.009,0.003,0.013,0.019,0.01,0.023,0.018,0.005,0.004,1
0.137,0.123,0.138,0.148,0.178,0.143,0.708,0.216,0.163,0.207,0.426,0.548,0.713,0.7,0.678,0.794,0.938,2.676,0.915,0.783,0.796,0.798,0.772,0.662,2.43,0.557,0.47,0.564,2.26,0.337,0.268,0.234,0.305,0.302,0.275,0.104,0.176,0.948,0.36,0.274,0.65,0.738,1.7,0.175,0.068,0.318,0.064,0.265,0.053,0.027,0.017,0.012,0.013,0.034,0.006,0.007,0.002,0.008,0.015,0.005,0
0.007,0.003,0.009,0.006,0.042,0.086,0.472,0.1,0.198,0.232,0.247,0.288,0.213,0.071,0.119,0.281,0.422,1.584,0.586,0.615,0.675,0.787,0.897,0.983,5,0.846,0.606,0.304,0.07,0.253,0.434,0.492,0.541,0.596,0.525,0.378,0.237,0.516,0.188,0.325,1.29,0.726,1.355,0.232,0.172,0.438,0.118,0.435,0.039,0.013,0.009,0.008,0.007,0.008,0.003,0.006,0.004,0.004,0.001,0.004,0
0.029,0.04,0.077,0.081,0.052,0.105,0.056,0.067,0.129,0.115,0.094,0.079,0.025,0.119,0.104,0.205,0.156,0.807,0.378,0.402,0.347,0.14,0.121,0.283,0.75,0.263,0.447,0.752,4.52,0.781,0.477,0.248,0.537,0.628,0.365,0.457,0.636,1.941,0.552,0.325,1.145,0.195,0,0,0,0,0,0,0,0,0,0.006,0.024,0.02,0.005,0.014,0.016,0.008,0.014,0.011,1
0.021,0.019,0.041,0.032,0.07,0.158,0.576,0.14,0.305,0.391,0.35,0.367,0.394,0.331,0.333,0.3,0.232,0.414,0.345,0.443,0.489,0.368,0.438,0.486,3.105,0.726,0.662,0.769,3.99,0.858,0.927,0.701,0.485,0.341,0.141,0.115,0.143,0.546,0.36,0.553,2.995,1.524,2.755,0.503,0.703,1.77,0.407,1.38,0.158,0.051,0.005,0.008,0.02,0.01,0.004,0.003,0.006,0.009,0.007,0.004,0
0.037,0.028,0.01,0.057,0.076,0.068,0.388,0.147,0.216,0.254,0.294,0.294,0.266,0.319,0.279,0.253,0.198,0.579,0.283,0.324,0.35,0.332,0.422,0.477,2.405,0.632,0.833,0.946,5,0.842,0.552,0.48,0.52,0.397,0.194,0.152,0.201,0.522,0.103,0.224,1.86,1.335,1.97,0.203,0.201,0.657,0.184,0.74,0.097,0.022,0.015,0.01,0.002,0.002,0.006,0.009,0.001,0.009,0.011,0.005,0
0.009,0.027,0.025,0.024,0.022,0.084,0.596,0.122,0.157,0.212,0.3,0.309,0.274,0.255,0.187,0.145,0.146,0.729,0.326,0.368,0.336,0.31,0.391,0.528,3.205,0.771,0.875,1,4.905,0.697,0.497,0.502,0.536,0.384,0.185,0.115,0.157,0.393,0.158,0.263,1.55,1.353,1.89,0.127,0.146,0.327,0.148,0.69,0.072,0.018,0.02,0.01,0.01,0.009,0.002,0.004,0.002,0.007,0.006,0.002,0
0.02,0.021,0.006,0.019,0.032,0.057,0.4,0.067,0.069,0.024,0.073,0.064,0.3,0.385,0.477,0.46,0.318,1.248,0.643,1,0.863,0.521,0.316,0.595,3.865,0.604,0.438,0.549,2.36,0.624,0.385,0.159,0.389,0.529,0.35,0.448,0.404,1.509,0.648,0.549,1.775,0.609,0.94,0.084,0.132,0.477,0.056,0.31,0.034,0.037,0.026,0.016,0.007,0.027,0.02,0.009,0.01,0.01,0.002,0.005,1
0.025,0.081,0.051,0.024,0.172,0.382,1.492,0.358,0.343,0.22,0.265,0.322,0.558,0.692,0.794,0.715,0.351,0.603,0.268,0.43,0.528,0.349,0.143,0.545,3.17,0.771,0.684,0.802,4.035,0.831,0.779,0.505,0.141,0.277,0.508,0.479,0.136,0.69,0.279,0.383,1.465,0.348,0.85,0.129,0.091,0.24,0.057,0.1,0.011,0.015,0.008,0.018,0.007,0.008,0.004,0.012,0.003,0.004,0.008,0.005,1
0.016,0.063,0.074,0.061,0.023,0.105,0.536,0.064,0.152,0.078,0.179,0.268,0.179,0.104,0.198,0.323,0.375,0.777,0.368,0.351,0.561,0.523,0.547,0.695,3.175,0.676,0.85,0.802,3.28,0.859,0.666,0.537,0.312,0.376,0.28,0.088,0.332,1.272,0.18,0.374,2.315,0.483,1.245,0.32,0.226,0.345,0.048,0.47,0.082,0.017,0.024,0.026,0.014,0.023,0.019,0.018,0.011,0.009,0.008,0.011,0
0.039,0.042,0.045,0.055,0.06,0.142,0.384,0.08,0.162,0.256,0.308,0.34,0.34,0.395,0.335,0.225,0.209,0.675,0.338,0.458,0.647,0.671,0.701,0.762,3.87,0.677,0.737,0.783,4.81,1,0.809,0.556,0.541,0.499,0.311,0.29,0.224,0.288,0.229,0.323,1.725,1.164,1.62,0.093,0.117,0.171,0.077,0.485,0.059,0.005,0.012,0.015,0.004,0.011,0.003,0.006,0.01,0.007,0.005,0.009,0
0.053,0.088,0.2,0.26,0.322,0.225,0.248,0.229,0.095,0.074,0.161,0.223,0.27,0.336,0.427,0.414,0.566,2.076,0.855,0.923,0.917,1,0.953,0.91,4.17,0.705,0.653,0.448,1.23,0.202,0.145,0.099,0.151,0.239,0.443,0.502,0.444,1.371,0.393,0.29,1.705,1.497,1.815,0.139,0.18,0.39,0.052,0.41,0.047,0.011,0.03,0.024,0.02,0.026,0.008,0.015,0.017,0.015,0.013,0.006,0
0.021,0.054,0.033,0.082,0.074,0.032,0.368,0.107,0.155,0.123,0.18,0.179,0.125,0.258,0.337,0.399,0.165,0.681,0.322,0.536,0.816,1,0.87,0.689,3.15,0.574,0.571,0.598,2.15,0.206,0.1,0.225,0.231,0.398,0.332,0.173,0.143,0.651,0.197,0.214,1.835,0.606,0.39,0.092,0.239,1.02,0.259,0.55,0.091,0.046,0.017,0.003,0.005,0.019,0.01,0.012,0.004,0.009,0.007,0.01,0
0.013,0.008,0.019,0.014,0.044,0.067,0.244,0.013,0.09,0.092,0.144,0.148,0.209,0.256,0.26,0.198,0.239,0.939,0.408,0.453,0.489,0.567,0.623,0.674,4.14,0.882,0.92,0.896,3.775,0.674,0.646,0.501,0.366,0.23,0.136,0.212,0.24,0.801,0.286,0.206,0.83,0.789,1.275,0.17,0.147,0.387,0.093,0.36,0.032,0.026,0.014,0.004,0.003,0.002,0.002,0.005,0.014,0.014,0.003,0.006,1
0.013,0.007,0.031,0.031,0.008,0.077,0.308,0.064,0.073,0.09,0.075,0.084,0.123,0.162,0.232,0.293,0.353,1.098,0.322,0.309,0.408,0.428,0.466,0.596,3.475,0.839,0.888,0.64,1.655,0.342,0.492,0.459,0.303,0.437,0.518,0.512,0.475,1.47,0.46,0.446,2.1,0.861,1.15,0.095,0.01,0.159,0.038,0.055,0.011,0.008,0.011,0.006,0.003,0.004,0.008,0.004,0.005,0.001,0.005,0.002,1
0.016,0.025,0.026,0.039,0.064,0.047,0.424,0.139,0.06,0.133,0.297,0.475,0.568,0.569,0.642,0.749,0.9,3,0.969,0.903,0.768,0.7,0.664,0.596,1.855,0.092,0.048,0.088,0.52,0.171,0.326,0.461,0.394,0.505,0.483,0.351,0.232,1.209,0.368,0.151,0.37,0.42,0.775,0.038,0.064,0.132,0.026,0.11,0.019,0.008,0.014,0.007,0.008,0.023,0.02,0.007,0.004,0.01,0.005,0.002,0
0.043,0.09,0.083,0.081,0.016,0.028,0.228,0.206,0.389,0.711,0.734,0.503,0.3,0.195,0.277,0.374,0.251,0.753,0.329,0.487,0.653,0.845,0.974,1,3.33,0.532,0.402,0.344,2.12,0.418,0.439,0.116,0.434,0.655,0.617,0.437,0.412,1.092,0.457,0.437,1.48,1.293,2.08,0.182,0.149,0.042,0.116,1.025,0.107,0.02,0.021,0.018,0.02,0.021,0.014,0.005,0.003,0.016,0.006,0.002,0
0.059,0.121,0.127,0.15,0.144,0.056,0.332,0.067,0.137,0.235,0.321,0.426,0.52,0.491,0.595,0.722,0.904,2.733,0.872,0.769,0.733,0.522,0.31,0.317,1.135,0.164,0.175,0.184,1.025,0.167,0.277,0.31,0.34,0.444,0.505,0.281,0.168,0.789,0.32,0.193,0.465,0.132,0.39,0.072,0.04,0.165,0.108,0.57,0.077,0.026,0.022,0.033,0.011,0.009,0.016,0.012,0.004,0.01,0.023,0.012,0
0.01,0.04,0.068,0.069,0.089,0.093,0.384,0.214,0.255,0.295,0.402,0.515,0.49,0.413,0.358,0.345,0.307,0.882,0.435,0.726,0.815,0.81,0.666,0.696,3.875,0.869,1,0.994,4.395,0.648,0.588,0.641,0.497,0.276,0.03,0.336,0.317,1.239,0.628,0.498,1.305,1.41,2.405,0.492,0.529,0.666,0.14,0.945,0.095,0.013,0.031,0.024,0.008,0.014,0.017,0.001,0.011,0.004,0.004,0.002,0
0.033,0.022,0.039,0.063,0.116,0.148,0.82,0.16,0.253,0.267,0.306,0.316,0.231,0.207,0.18,0.281,0.442,1.785,0.66,0.584,0.454,0.479,0.565,0.528,3.56,1,0.956,0.609,2.555,0.4,0.048,0.185,0.219,0.144,0.176,0.143,0.164,0.927,0.365,0.444,1.93,0.843,0.62,0.095,0.12,0.246,0.062,0.07,0.011,0.012,0.01,0.01,0.015,0.006,0.002,0.005,0.002,0.004,0.005,0.007,0
0.029,0.038,0.026,0.006,0.013,0.061,0.36,0.111,0.097,0.075,0.053,0.121,0.176,0.204,0.273,0.232,0.268,0.879,0.33,0.491,0.54,0.626,0.683,0.753,4.25,0.894,0.993,0.913,3.54,0.632,0.613,0.464,0.28,0.172,0.166,0.256,0.274,0.963,0.272,0.188,0.775,0.756,1.06,0.18,0.147,0.204,0.109,0.46,0.04,0.009,0.008,0.006,0.007,0.011,0.005,0.01,0.004,0.006,0.005,0.009,1
0.012,0.031,0.017,0.031,0.036,0.01,0.072,0.058,0.112,0.084,0.055,0.085,0.203,0.256,0.187,0.203,0.146,0.855,0.582,0.773,0.785,0.852,0.531,0.365,2.985,0.828,1,0.867,3.15,0.459,0.394,0.258,0.282,0.264,0.276,0.27,0.399,1.374,0.394,0.252,0.89,0.405,0.26,0.034,0.089,0.258,0.087,0.22,0.013,0.022,0.019,0.013,0.026,0.022,0.007,0.012,0.003,0.009,0.001,0.004,1
0.009,0.006,0.025,0.049,0.12,0.159,0.556,0.099,0.096,0.19,0.19,0.255,0.407,0.299,0.29,0.533,0.402,0.471,0.302,0.391,0.354,0.444,0.641,0.46,3.005,0.869,0.834,0.767,2.54,0.462,0.538,0.538,0.384,0.36,0.74,0.776,0.386,0.201,0.368,0.611,1.755,0.693,1.1,0.305,0.194,0.471,0.048,0.27,0.015,0.007,0.019,0.006,0.01,0.019,0.008,0.015,0.016,0.005,0.019,0.01,1
0.018,0.015,0.003,0.014,0.042,0.047,0.144,0.074,0.14,0.104,0.09,0.067,0.1,0.106,0.035,0.123,0.163,1.095,0.326,0.3,0.211,0.21,0.208,0.228,0.375,0.197,0.409,0.638,3.985,0.751,0.552,0.221,0.467,0.448,0.23,0.324,0.448,1.674,0.652,0.535,1.24,0.681,0.895,0.09,0.054,0.111,0.099,0.48,0.032,0.014,0.008,0.022,0.026,0.014,0.023,0.004,0.002,0.005,0.009,0.008,1
0.026,0.027,0.022,0.075,0.136,0.151,0.528,0.165,0.186,0.201,0.289,0.365,0.351,0.35,0.432,0.54,0.624,2.064,0.733,0.811,0.84,0.863,0.875,0.961,4.86,0.912,0.858,0.88,3.86,0.571,0.426,0.286,0.311,0.207,0.116,0.018,0.13,0.744,0.164,0.11,1.07,0.609,0.945,0.137,0.138,0.093,0.037,0.305,0.04,0.017,0.014,0.022,0.018,0.013,0.002,0.012,0.005,0.002,0.003,0.002,0
0.027,0.038,0.049,0.085,0.113,0.11,0.54,0.234,0.311,0.4,0.394,0.331,0.293,0.176,0.174,0.204,0.209,0.804,0.243,0.184,0.28,0.617,0.802,0.831,4.22,0.849,0.917,1,3.95,0.537,0.647,0.65,0.496,0.218,0.099,0.043,0.171,0.594,0.188,0.111,0.85,0.174,0.32,0.139,0.064,0.174,0.064,0.52,0.073,0.028,0.015,0.009,0.004,0.004,0.004,0.01,0.005,0.005,0.006,0.01,0
0.026,0.036,0.014,0.027,0.021,0.034,0.264,0.14,0.184,0.235,0.272,0.244,0.166,0.034,0.13,0.171,0.218,0.954,0.371,0.455,0.57,0.74,0.806,0.884,4.715,1,0.938,0.76,3.56,0.836,0.762,0.457,0.172,0.155,0.164,0.187,0.266,0.513,0.096,0.077,0.425,0.624,1.25,0.186,0.144,0.441,0.099,0.02,0.015,0.012,0.018,0.015,0.013,0.005,0.004,0.006,0.004,0.004,0.006,0.012,0
0.023,0.039,0.042,0.055,0.099,0.152,0.668,0.151,0.172,0.208,0.124,0.024,0.177,0.312,0.499,0.671,0.766,2.544,0.98,1,1,0.999,0.907,0.68,2.55,0.472,0.498,0.62,3.585,0.632,0.355,0.29,0.432,0.379,0.242,0.094,0.035,0.252,0.044,0.113,1.02,0.582,0.415,0.15,0.168,0.318,0.111,0.425,0.06,0.02,0.007,0.01,0.006,0.003,0.002,0.006,0.004,0.01,0.008,0.001,0
0.02,0.042,0.055,0.078,0.062,0.087,0.48,0.271,0.121,0.028,0.225,0.262,0.177,0.371,0.453,0.555,0.462,1.14,0.345,0.266,0.24,0.113,0.256,0.517,1.89,0.408,0.535,0.512,2.27,0.426,0.387,0.394,0.466,0.397,0.219,0.182,0.102,0.633,0.325,0.37,1.455,0.903,1.28,0.193,0.206,0.525,0.084,0.52,0.064,0.015,0.008,0.019,0.018,0.016,0.029,0.009,0.024,0.022,0.019,0.01,0
0.002,0.019,0.029,0.02,0.052,0.082,0.4,0.012,0.117,0.148,0.212,0.258,0.235,0.133,0.009,0.195,0.368,1.395,0.542,0.626,0.742,0.826,0.861,0.84,4.475,0.994,1,0.965,4.375,0.626,0.218,0.294,0.364,0.501,0.784,0.936,0.82,1.863,0.451,0.3,1.335,0.672,1.57,0.369,0.299,0.669,0.085,0.18,0.029,0.012,0.004,0.011,0.008,0.009,0.004,0.003,0.001,0.001,0.003,0.005,0
0.044,0.045,0.024,0.101,0.225,0.261,0.824,0.167,0.18,0.308,0.379,0.536,0.617,0.784,0.839,0.902,1,2.673,0.875,0.789,0.716,0.758,0.637,0.321,1.04,0.228,0.331,0.285,0.975,0.167,0.102,0.136,0.221,0.112,0.168,0.104,0.256,0.786,0.224,0.118,0.55,0.849,1.19,0.026,0.197,0.444,0.043,0.315,0.051,0.047,0.025,0.027,0.02,0.014,0.018,0.006,0.004,0.012,0.015,0.01,0
0.041,0.065,0.04,0.06,0.05,0.182,0.472,0.102,0.058,0.218,0.246,0.333,0.309,0.261,0.323,0.373,0.42,1.608,0.706,0.82,0.884,0.83,0.761,0.76,4.185,0.89,0.765,0.59,1.52,0.082,0.279,0.724,0.803,0.805,0.768,0.747,0.625,0.519,0.292,0.5,2.61,1.446,2,0.388,0.165,0.132,0.066,0.21,0.048,0.024,0.007,0.006,0.013,0.018,0.007,0.02,0.02,0.01,0.007,0.006,1
0.131,0.234,0.306,0.426,0.401,0.179,0.74,0.006,0.193,0.223,0.291,0.226,0.314,0.33,0.366,0.396,0.439,1.401,0.526,0.374,0.224,0.197,0.434,0.653,2.535,0.28,0.416,0.595,2.62,0.418,0.371,0.238,0.086,0.144,0.29,0.458,0.372,1.011,0.38,0.418,1.8,0.813,0.825,0.195,0.281,0.675,0.192,0.75,0.066,0.019,0.016,0.036,0.021,0.015,0.018,0.001,0.011,0.013,0.018,0.023,0
0.009,0.021,0.021,0.05,0.066,0.08,0.388,0.087,0.074,0.084,0.158,0.09,0.031,0.186,0.297,0.203,0.126,0.498,0.166,0.209,0.231,0.446,0.663,0.693,3.83,0.821,0.705,0.756,3.735,0.639,0.485,0.333,0.536,0.874,0.857,0.672,0.345,0.945,0.27,0.26,1.37,1.077,2.19,0.246,0.076,0.057,0.08,0.375,0.037,0.016,0.03,0.011,0.011,0.01,0.003,0.01,0.01,0.004,0.007,0.011,1
0.022,0.012,0.017,0.015,0.061,0.103,0.456,0.088,0.116,0.087,0.156,0.078,0.1,0.092,0.066,0.113,0.174,0.771,0.329,0.391,0.544,0.612,0.702,0.761,3.985,0.91,0.881,0.795,3.995,0.718,0.641,0.631,0.593,0.617,0.65,0.676,0.625,1.536,0.389,0.327,1.255,0.459,0.66,0.166,0.122,0.294,0.045,0.135,0.018,0.009,0.002,0.005,0.005,0.01,0.013,0.012,0.005,0.002,0.001,0.002,1
0.052,0.055,0.084,0.032,0.116,0.092,0.412,0.061,0.146,0.284,0.28,0.309,0.266,0.38,0.563,0.438,0.262,0.36,0.668,0.94,0.783,0.535,0.681,0.917,3.805,0.822,0.887,0.609,1.485,0.11,0.132,0.062,0.099,0.401,0.367,0.105,0.192,1.179,0.429,0.255,0.575,0.66,0.94,0.144,0.215,0.708,0.112,0.125,0.028,0.018,0.005,0.008,0.012,0.004,0.012,0.01,0.008,0.005,0.005,0.005,1
